problem,surrogate,n_train,seed,fit_time_s,rmse,mae,r2,nrmse
branin,rsm_quadratic,10,0,0.0039177919998110156,35.72310844810991,26.717758370092756,0.5635877166577165,0.6606150795601653
branin,rsm_quadratic,10,1,0.0012019580001378927,39.65693223128135,23.49789452388637,0.4621802926020764,0.7333619211534804
branin,rsm_quadratic,10,2,0.001061959000026036,62.31773205785131,45.93958088219285,-0.32807242956851623,1.1524202486803659
branin,rsm_quadratic,10,3,0.0010307910001756682,31.27680380035807,25.2548026509223,0.6654637276613734,0.5783911067250487
branin,rsm_quadratic,10,4,0.0010199169998941215,32.3463396180819,26.821096286209496,0.6421930549844439,0.5981696623998546
branin,rsm_quadratic,20,0,0.0012360000000626314,32.70356497567431,21.725124526130408,0.634246343871776,0.604775707290086
branin,rsm_quadratic,20,1,0.0011054169999624719,36.93648199097131,22.607127576737863,0.5334378116321159,0.6830535764988602
branin,rsm_quadratic,20,2,0.0010402079999494163,28.611752933677028,19.762010956102298,0.7200455248638096,0.5291072435113608
branin,rsm_quadratic,20,3,0.0010336670000015147,33.44744671082714,19.558558873065127,0.617418097264371,0.6185320547357501
branin,rsm_quadratic,20,4,0.0010194169999522273,27.075111228103662,19.84887884260654,0.7493088626546737,0.5006906603336299
branin,rsm_quadratic,40,0,0.0014242499998999847,29.624381037249968,19.81751245683355,0.6998785389720601,0.5478334245260505
branin,rsm_quadratic,40,1,0.0012827090001792385,27.697708685750282,21.323381515497488,0.7376469193602904,0.5122041396159441
branin,rsm_quadratic,40,2,0.0010900839999976597,28.13159216516962,21.199214047847896,0.7293630396247701,0.5202277966191637
branin,rsm_quadratic,40,3,0.0010424170000078448,26.825300190678618,20.85724167619441,0.7539135716039891,0.4960709912865405
branin,rsm_quadratic,40,4,0.0013319589997990988,27.48440274815355,20.18541239560513,0.7416722331432428,0.5082595467443354
branin,rsm_quadratic,80,0,0.0012237920000188751,27.462295881568565,22.37548939737853,0.7420876338927874,0.5078507321125102
branin,rsm_quadratic,80,1,0.0010970830001042486,26.750981507088692,20.76516159457923,0.7552752327945185,0.49469664159511084
branin,rsm_quadratic,80,2,0.0010552089997872827,27.113994987041224,22.322779059875824,0.7485882884489151,0.5014097242286839
branin,rsm_quadratic,80,3,0.0010566250000465516,26.547365674077213,21.122435438299636,0.7589865131996754,0.4909312444735257
branin,rsm_quadratic,80,4,0.001018041999941488,27.47721912382744,20.61791562181874,0.7418072542408596,0.5081267024661669
branin,kriging,10,0,0.055099667000149566,25.600235265045132,15.15504038296907,0.7758770166911655,0.4734162896530225
branin,kriging,10,1,0.05754379199993309,45.18017338982345,26.904732551835313,0.3019375641320222,0.8355013081186515
branin,kriging,10,2,0.09658708300003127,31.31046899467915,17.023554486059997,0.6647431751515493,0.579013665510971
branin,kriging,10,3,0.040785000000141736,54.110563040168884,44.8768224000914,-0.00129624541885498,1.0006479128139203
branin,kriging,10,4,0.06179974999986371,25.40770951231512,18.91272415850739,0.7792353603629467,0.4698559775474323
branin,kriging,20,0,0.09400237500017283,11.917653455474566,5.225940866012321,0.9514286709372742,0.22038904025092934
branin,kriging,20,1,0.12157491600009962,6.055555400749485,3.6847741041642745,0.9874597427620238,0.11198328999442847
branin,kriging,20,2,0.08061237499987328,18.086214750258787,7.910438585205082,0.8881350975572505,0.33446210912859703
branin,kriging,20,3,0.10380320800004483,26.731827640708243,10.74332540772172,0.7556255561930927,0.49434243577393533
branin,kriging,20,4,0.09272720799981471,5.473721640302712,2.777836123942775,0.9897537747750468,0.10122363965474275
branin,kriging,40,0,0.13664975000006052,2.3390001641807445,0.6281188485493676,0.9981290637641841,0.04325432042947698
branin,kriging,40,1,0.21628145799991216,1.2686910409613195,0.5209495242484553,0.9994495596936596,0.023461464283808013
branin,kriging,40,2,0.18179587499980698,1.619945528046379,0.6585083823167154,0.9991025726429498,0.029957091932466314
branin,kriging,40,3,0.2097770830000627,0.9077213951285052,0.410613766735538,0.9997182242426834,0.016786177567171063
branin,kriging,40,4,0.1859574170000542,1.8266455881829389,0.7572947635995995,0.9988589437178844,0.03377952459872073
branin,kriging,80,0,0.40545170800010055,0.1420576836969734,0.053600158326489164,0.9999930987471435,0.0026270235736603202
branin,kriging,80,1,0.36574066700018193,0.09821512862480242,0.04768165642703765,0.999996701205504,0.0018162583780952748
branin,kriging,80,2,0.43044687500014334,0.08064298027948497,0.04320638084476186,0.9999977760161942,0.001491302721057565
branin,kriging,80,3,0.41619183300008444,0.1320413289901225,0.05999846749937432,0.9999940376391653,0.002441794593064169
branin,kriging,80,4,0.3712033330000395,0.3084437715813796,0.09287680438275206,0.9999674650239277,0.00570394390507894
rosenbrock,rsm_quadratic,10,0,0.0014134169998669677,453.21118941113747,284.1840710469129,-0.4113871478899389,1.1880181597475432
rosenbrock,rsm_quadratic,10,1,0.001090458000135186,517.8359858347486,320.04611378661775,-0.8425927835958056,1.3574213728963478
rosenbrock,rsm_quadratic,10,2,0.001238791000105266,587.9567294951269,418.0611827300943,-1.3753939279574023,1.541231302549167
rosenbrock,rsm_quadratic,10,3,0.0011759159999655822,420.5118101282504,283.1389111423991,-0.21507002176482537,1.1023021463123555
rosenbrock,rsm_quadratic,10,4,0.0012680419999924197,394.6284336777783,317.9626694357641,-0.07009333351531821,1.0344531567525512
rosenbrock,rsm_quadratic,20,0,0.0011111249998521089,355.07599958185995,245.24298636176624,0.1336616340047917,0.9307729938041865
rosenbrock,rsm_quadratic,20,1,0.0010927499999979773,478.84010997991885,294.8202845661114,-0.5755273796755322,1.2552001353073272
rosenbrock,rsm_quadratic,20,2,0.0010617909999837138,366.34388130868916,266.5824886378924,0.07780493103052755,0.9603098817410307
rosenbrock,rsm_quadratic,20,3,0.001035167000054571,421.0403160261159,302.32793879622255,-0.21812617953783509,1.1036875370945507
rosenbrock,rsm_quadratic,20,4,0.001313125000024229,311.1886074310529,236.23987751896564,0.33458545553843855,0.8157294554333326
rosenbrock,rsm_quadratic,40,0,0.0011285419998330326,369.4205370476531,265.0444249363021,0.06225019675818311,0.968374825799296
rosenbrock,rsm_quadratic,40,1,0.0010581670001101884,315.0755845871099,229.21032222801028,0.31785859330339283,0.8259185230375979
rosenbrock,rsm_quadratic,40,2,0.00102491600000576,321.38898897165416,230.98441674255736,0.29024755402096725,0.84246806822516
rosenbrock,rsm_quadratic,40,3,0.0013131660000453849,320.7089438799465,248.97515187505363,0.29324798674343067,0.8406854425149571
rosenbrock,rsm_quadratic,40,4,0.0010940420002043538,323.2307889880097,232.71004026074527,0.28208941672837196,0.8472960422848841
rosenbrock,rsm_quadratic,80,0,0.0010603339999306627,325.664792512999,254.87357764957565,0.27123663844157175,0.8536763798761381
rosenbrock,rsm_quadratic,80,1,0.0010248339999634482,314.014512260711,245.00247685725031,0.3224453187788996,0.8231370974637825
rosenbrock,rsm_quadratic,80,2,0.0009984169998915604,317.0175978909922,244.15800365910465,0.30942372671291873,0.8310091896526063
rosenbrock,rsm_quadratic,80,3,0.0009919579999859707,302.21136433060644,239.77738642174901,0.3724237583601314,0.7921970977224472
rosenbrock,rsm_quadratic,80,4,0.000995750000129192,310.4456936891957,229.9382940641723,0.33775880771918676,0.8137820299569248
rosenbrock,kriging,10,0,0.0522584589998587,380.2813382962592,219.77117052395295,0.006300804365531265,0.9968446196045143
rosenbrock,kriging,10,1,0.04854137500001343,415.31770010582466,241.598138985386,-0.1852386134699764,1.0886866461337608
rosenbrock,kriging,10,2,0.09643725000000813,262.95696268111965,169.9389987962096,0.5248680224540443,0.6892981775298378
rosenbrock,kriging,10,3,0.053241666999838344,322.22623378873743,189.8907456025843,0.2865448100263661,0.8446627670103815
rosenbrock,kriging,10,4,0.06746195799996713,461.81867674391884,285.56284878251483,-0.4655069964597722,1.2105812638810218
rosenbrock,kriging,20,0,0.10467629200002193,70.75231034168488,29.129543344058437,0.9656025567559278,0.18546547722978599
rosenbrock,kriging,20,1,0.11278308400005699,31.489317333652572,17.146310109934237,0.9931864820858336,0.08254403621199079
rosenbrock,kriging,20,2,0.09352166700000453,111.54219477927447,45.47476542464545,0.9145084320185058,0.29238941154134535
rosenbrock,kriging,20,3,0.13710795799988773,109.05177723371489,39.04252743730086,0.9182833778063103,0.2858611939275593
rosenbrock,kriging,20,4,0.09346966699990844,41.524460344790086,21.3922861030383,0.9881517855804635,0.10884950353371625
rosenbrock,kriging,40,0,0.1282752500001152,21.656261617130834,6.659636861712909,0.9967773592860159,0.056768307302438537
rosenbrock,kriging,40,1,0.1862058330000309,15.32069159549282,5.321232687290833,0.9983871215037037,0.040160658564026494
rosenbrock,kriging,40,2,0.18310354100003678,16.13575817959483,4.620760811635728,0.9982109451142572,0.04229722078036261
rosenbrock,kriging,40,3,0.10859154199988552,9.488670062441852,3.823949341564698,0.9993813349212365,0.024872978888011436
rosenbrock,kriging,40,4,0.22100370900011512,16.92800049261048,6.9771797203816295,0.9980309522999645,0.04437395294579281
rosenbrock,kriging,80,0,0.36884825000015553,1.0893394739376812,0.48797181635931686,0.9999918459871118,0.0028555232249435664
rosenbrock,kriging,80,1,0.3891276250001283,1.5339741731959897,0.6301095129349303,0.9999838310802197,0.004021059534537111
rosenbrock,kriging,80,2,0.49917387499999677,1.4170671904517842,0.590459476803534,0.9999862016932098,0.0037146072188256056
rosenbrock,kriging,80,3,0.39337570800012145,1.4674248557488208,0.5938897168159141,0.9999852035799074,0.003846611507892476
rosenbrock,kriging,80,4,0.4060490829999708,3.2969200112940804,0.8272915505056101,0.9999253101250748,0.008642330410556693
