problem,approach,seed,n_evals,best_f,gap
branin,direct:Nelder-Mead,0,78,0.3978873632920532,3.6329205321816715e-07
branin,direct:L-BFGS-B,0,30,0.3978873577316939,3.5773169393404913e-07
branin,surrogate:rsm_quadratic@10,0,11,4.9048573016836485,4.506970301683649
branin,surrogate:rsm_quadratic@20,0,21,0.8432875083426268,0.4454005083426268
branin,surrogate:rsm_quadratic@40,0,41,0.8198826077931436,0.4219956077931436
branin,surrogate:rsm_quadratic@80,0,81,0.8538056720418723,0.4559186720418723
branin,surrogate:kriging@10,0,11,1.6063165012934046,1.2084295012934048
branin,surrogate:kriging@20,0,21,0.8432875083426268,0.4454005083426268
branin,surrogate:kriging@40,0,41,0.4586958389047293,0.06080883890472932
branin,surrogate:kriging@80,0,81,0.3979779958926919,9.0995892691903e-05
branin,direct:Nelder-Mead,1,80,0.39788735922271634,3.5922271635069336e-07
branin,direct:L-BFGS-B,1,39,0.39788735772973816,3.5772973816516895e-07
branin,surrogate:rsm_quadratic@10,1,11,2.106125178976721,1.7082381789767211
branin,surrogate:rsm_quadratic@20,1,21,2.076910579782189,1.6790235797821893
branin,surrogate:rsm_quadratic@40,1,41,0.539412853578197,0.14152585357819703
branin,surrogate:rsm_quadratic@80,1,81,0.49307045684157735,0.09518345684157736
branin,surrogate:kriging@10,1,11,2.106125178976721,1.7082381789767211
branin,surrogate:kriging@20,1,21,2.076910579782189,1.6790235797821893
branin,surrogate:kriging@40,1,41,0.41232049200623067,0.014433492006230675
branin,surrogate:kriging@80,1,81,0.40195872799375465,0.004071727993754659
branin,direct:Nelder-Mead,2,98,0.3978873598808512,3.5988085123062064e-07
branin,direct:L-BFGS-B,2,54,0.3978873577297488,3.5772974882331e-07
branin,surrogate:rsm_quadratic@10,2,11,0.7630874418411331,0.3652004418411331
branin,surrogate:rsm_quadratic@20,2,21,0.7067622417759303,0.3088752417759303
branin,surrogate:rsm_quadratic@40,2,41,0.5331781267201201,0.13529112672012011
branin,surrogate:rsm_quadratic@80,2,81,0.5486755604994045,0.15078856049940448
branin,surrogate:kriging@10,2,11,0.7630874418411331,0.3652004418411331
branin,surrogate:kriging@20,2,21,0.7067622417759303,0.3088752417759303
branin,surrogate:kriging@40,2,41,0.5331781267201201,0.13529112672012011
branin,surrogate:kriging@80,2,81,0.40231510568781736,0.004428105687817374
branin,direct:Nelder-Mead,3,98,0.39788735820781795,3.5820781796314094e-07
branin,direct:L-BFGS-B,3,42,0.39788735772973993,3.577297399415258e-07
branin,surrogate:rsm_quadratic@10,3,11,9.352414981069655,8.954527981069655
branin,surrogate:rsm_quadratic@20,3,21,1.527690187643799,1.129803187643799
branin,surrogate:rsm_quadratic@40,3,41,4.640237385933231,4.242350385933231
branin,surrogate:rsm_quadratic@80,3,81,0.6476249629347031,0.24973796293470307
branin,surrogate:kriging@10,3,11,9.352414981069655,8.954527981069655
branin,surrogate:kriging@20,3,21,1.527690187643799,1.129803187643799
branin,surrogate:kriging@40,3,41,0.5298827039051393,0.13199570390513926
branin,surrogate:kriging@80,3,81,0.4113970645174163,0.01351006451741632
branin,direct:Nelder-Mead,4,57,1.9431406629333967,1.5452536629333968
branin,direct:L-BFGS-B,4,21,0.39788735772973816,3.5772973816516895e-07
branin,surrogate:rsm_quadratic@10,4,11,6.248943121466812,5.851056121466812
branin,surrogate:rsm_quadratic@20,4,21,1.4763306801083829,1.078443680108383
branin,surrogate:rsm_quadratic@40,4,41,0.9374141460463346,0.5395271460463346
branin,surrogate:rsm_quadratic@80,4,81,0.5570571685541079,0.15917016855410793
branin,surrogate:kriging@10,4,11,6.248943121466812,5.851056121466812
branin,surrogate:kriging@20,4,21,1.4763306801083829,1.078443680108383
branin,surrogate:kriging@40,4,41,0.9374141460463346,0.5395271460463346
branin,surrogate:kriging@80,4,81,0.3983515963719313,0.0004645963719313029
rosenbrock,direct:Nelder-Mead,0,141,3.345445195873973e-10,3.345445195873973e-10
rosenbrock,direct:L-BFGS-B,0,84,9.067517585374309e-12,9.067517585374309e-12
rosenbrock,surrogate:rsm_quadratic@10,0,11,3.977835259870295,3.977835259870295
rosenbrock,surrogate:rsm_quadratic@20,0,21,3.652333581650512,3.652333581650512
rosenbrock,surrogate:rsm_quadratic@40,0,41,1.01112642554002,1.01112642554002
rosenbrock,surrogate:rsm_quadratic@80,0,81,0.3971002771885251,0.3971002771885251
rosenbrock,surrogate:kriging@10,0,11,3.977835259870295,3.977835259870295
rosenbrock,surrogate:kriging@20,0,21,0.5489153403878254,0.5489153403878254
rosenbrock,surrogate:kriging@40,0,41,0.2098741147885287,0.2098741147885287
rosenbrock,surrogate:kriging@80,0,81,0.012593374676520283,0.012593374676520283
rosenbrock,direct:Nelder-Mead,1,169,5.439865519839551e-10,5.439865519839551e-10
rosenbrock,direct:L-BFGS-B,1,63,8.685114527108255e-12,8.685114527108255e-12
rosenbrock,surrogate:rsm_quadratic@10,1,11,7.465492870085262,7.465492870085262
rosenbrock,surrogate:rsm_quadratic@20,1,21,18.150136538266924,18.150136538266924
rosenbrock,surrogate:rsm_quadratic@40,1,41,2.252519292586309,2.252519292586309
rosenbrock,surrogate:rsm_quadratic@80,1,81,0.20579091577603134,0.20579091577603134
rosenbrock,surrogate:kriging@10,1,11,7.465492870085262,7.465492870085262
rosenbrock,surrogate:kriging@20,1,21,0.15960335950338417,0.15960335950338417
rosenbrock,surrogate:kriging@40,1,41,0.46197828382278316,0.46197828382278316
rosenbrock,surrogate:kriging@80,1,81,0.20579091577603134,0.20579091577603134
rosenbrock,direct:Nelder-Mead,2,169,7.68914155320827e-10,7.68914155320827e-10
rosenbrock,direct:L-BFGS-B,2,120,6.721362141174527e-12,6.721362141174527e-12
rosenbrock,surrogate:rsm_quadratic@10,2,11,1.7784551349756033,1.7784551349756033
rosenbrock,surrogate:rsm_quadratic@20,2,21,3.46299065850753,3.46299065850753
rosenbrock,surrogate:rsm_quadratic@40,2,41,4.116789427138233,4.116789427138233
rosenbrock,surrogate:rsm_quadratic@80,2,81,3.0226359145058233,3.0226359145058233
rosenbrock,surrogate:kriging@10,2,11,1.7784551349756033,1.7784551349756033
rosenbrock,surrogate:kriging@20,2,21,0.34837346637187283,0.34837346637187283
rosenbrock,surrogate:kriging@40,2,41,0.8166119713951558,0.8166119713951558
rosenbrock,surrogate:kriging@80,2,81,0.5829133100271724,0.5829133100271724
rosenbrock,direct:Nelder-Mead,3,167,5.993668627363021e-10,5.993668627363021e-10
rosenbrock,direct:L-BFGS-B,3,96,8.995646577397424e-12,8.995646577397424e-12
rosenbrock,surrogate:rsm_quadratic@10,3,11,1.4352124557477315,1.4352124557477315
rosenbrock,surrogate:rsm_quadratic@20,3,21,1.4325753123757197,1.4325753123757197
rosenbrock,surrogate:rsm_quadratic@40,3,41,1.323178750692527,1.323178750692527
rosenbrock,surrogate:rsm_quadratic@80,3,81,1.0407471264765795,1.0407471264765795
rosenbrock,surrogate:kriging@10,3,11,1.4352124557477315,1.4352124557477315
rosenbrock,surrogate:kriging@20,3,21,0.9690399611908571,0.9690399611908571
rosenbrock,surrogate:kriging@40,3,41,1.323178750692527,1.323178750692527
rosenbrock,surrogate:kriging@80,3,81,0.537706515677564,0.537706515677564
rosenbrock,direct:Nelder-Mead,4,107,3.578303570010213e-10,3.578303570010213e-10
rosenbrock,direct:L-BFGS-B,4,159,1.0199533673801849e-11,1.0199533673801849e-11
rosenbrock,surrogate:rsm_quadratic@10,4,11,4.97611546547686,4.97611546547686
rosenbrock,surrogate:rsm_quadratic@20,4,21,1.1294053546961615,1.1294053546961615
rosenbrock,surrogate:rsm_quadratic@40,4,41,0.5036749973303688,0.5036749973303688
rosenbrock,surrogate:rsm_quadratic@80,4,81,0.27136456915757035,0.27136456915757035
rosenbrock,surrogate:kriging@10,4,11,4.97611546547686,4.97611546547686
rosenbrock,surrogate:kriging@20,4,21,1.1294053546961615,1.1294053546961615
rosenbrock,surrogate:kriging@40,4,41,0.18958838153451696,0.18958838153451696
rosenbrock,surrogate:kriging@80,4,81,0.27136456915757035,0.27136456915757035
